<?xml version="1.0" encoding='ASCII'?>
<routes>
	<route id="0">
		<ego_vehicle id="hero">
			<waypoint x="174.330" y="237.430" yaw="-180.000" z="1.370" roll="0.000" pitch="0.000" />
			<waypoint x="71.040" y="237.430" yaw="-180.000" z="1.370" roll="0.000" pitch="0.000" />
		</ego_vehicle>
	</route>
	<route id="1">
		<ego_vehicle id="hero">
			<waypoint x="132.030" y="201.170" yaw="90.000" z="1.370" roll="0.000" pitch="0.000" />
			<waypoint x="132.030" y="211.000" yaw="90.000" z="1.370" roll="0.000" pitch="0.000" />
		</ego_vehicle>
	</route>
	<route id="2">
		<ego_vehicle id="hero">
			<waypoint x="45.240" y="291.290" yaw="-90.000" z="1.370" roll="0.000" pitch="0.000" />
			<waypoint x="45.890" y="216.260" yaw="-90.000" z="1.370" roll="0.000" pitch="0.000" />
		</ego_vehicle>
	</route>
	<route id="3">
		<ego_vehicle id="hero">
			<waypoint x="84.410" y="105.550" yaw="-180.000" z="1.370" roll="0.000" pitch="0.000" />
			<waypoint x="1.540" y="105.550" yaw="-180.000" z="1.370" roll="0.000" pitch="0.000" />
		</ego_vehicle>
	</route>
	<route id="4">
		<ego_vehicle id="hero">
			<waypoint x="14.010" y="306.420" yaw="-0.000" z="1.370" roll="0.000" pitch="0.000" />
			<waypoint x="88.830" y="306.420" yaw="-0.000" z="1.370" roll="0.000" pitch="0.000" />
		</ego_vehicle>
	</route>
	<route id="5">
		<ego_vehicle id="hero">
			<waypoint x="173.870" y="105.550" yaw="-180.000" z="1.370" roll="0.000" pitch="0.000" />
			<waypoint x="131.690" y="105.550" yaw="-180.000" z="1.370" roll="0.000" pitch="0.000" />
		</ego_vehicle>
	</route>
	<route id="6">
		<ego_vehicle id="hero">
			<waypoint x="189.930" y="252.330" yaw="90.000" z="1.370" roll="0.000" pitch="0.000" />
			<waypoint x="189.930" y="293.540" yaw="90.000" z="1.370" roll="0.000" pitch="0.000" />
		</ego_vehicle>
	</route>
	<route id="7">
		<ego_vehicle id="hero">
			<waypoint x="55.410" y="105.550" yaw="-180.000" z="1.370" roll="0.000" pitch="0.000" />
			<waypoint x="25.530" y="105.550" yaw="-180.000" z="1.370" roll="0.000" pitch="0.000" />
		</ego_vehicle>
	</route>
	<route id="8">
		<ego_vehicle id="hero">
			<waypoint x="-3.680" y="288.220" yaw="-90.000" z="1.370" roll="0.000" pitch="0.000" />
			<waypoint x="-3.680" y="172.430" yaw="-90.000" z="1.370" roll="0.000" pitch="0.000" />
		</ego_vehicle>
	</route>
	<route id="9">
		<ego_vehicle id="hero">
			<waypoint x="88.710" y="241.280" yaw="-0.000" z="1.370" roll="0.000" pitch="0.000" />
			<waypoint x="104.300" y="241.280" yaw="-0.000" z="1.370" roll="0.000" pitch="0.000" />
		</ego_vehicle>
	</route>
	<route id="10">
		<ego_vehicle id="hero">
			<waypoint x="45.240" y="291.290" yaw="-90.000" z="1.370" roll="0.000" pitch="0.000" />
			<waypoint x="45.240" y="225.590" yaw="-90.000" z="1.370" roll="0.000" pitch="0.000" />
		</ego_vehicle>
	</route>
	<route id="11">
		<ego_vehicle id="hero">
			<waypoint x="-3.680" y="251.360" yaw="-90.000" z="1.270" roll="0.000" pitch="0.000" />
			<waypoint x="-3.680" y="172.430" yaw="-90.000" z="1.370" roll="0.000" pitch="0.000" />
		</ego_vehicle>
	</route>
	<route id="12">
		<ego_vehicle id="hero">
			<waypoint x="193.780" y="218.790" yaw="-90.000" z="1.370" roll="0.000" pitch="0.000" />
			<waypoint x="193.780" y="121.210" yaw="-90.000" z="1.370" roll="0.000" pitch="0.000" />
		</ego_vehicle>
	</route>
	<route id="13">
		<ego_vehicle id="hero">
			<waypoint x="1.540" y="109.400" yaw="-0.000" z="1.370" roll="0.000" pitch="0.000" />
			<waypoint x="84.410" y="109.300" yaw="-0.000" z="1.170" roll="0.000" pitch="0.000" />
		</ego_vehicle>
	</route>
	<route id="14">
		<ego_vehicle id="hero">
			<waypoint x="59.600" y="306.420" yaw="-0.000" z="1.370" roll="0.000" pitch="0.000" />
			<waypoint x="178.290" y="306.420" yaw="-0.000" z="1.370" roll="0.000" pitch="0.000" />
		</ego_vehicle>
	</route>
	<route id="15">
		<ego_vehicle id="hero">
			<waypoint x="71.530" y="302.570" yaw="-180.000" z="1.370" roll="0.000" pitch="0.000" />
			<waypoint x="9.530" y="302.570" yaw="-180.000" z="1.370" roll="0.000" pitch="0.000" />
		</ego_vehicle>
	</route>
	<route id="16">
		<ego_vehicle id="hero">
			<waypoint x="136.110" y="302.570" yaw="-180.000" z="1.370" roll="0.000" pitch="0.000" />
			<waypoint x="71.530" y="302.570" yaw="-180.000" z="1.370" roll="0.000" pitch="0.000" />
		</ego_vehicle>
	</route>
	<route id="17">
		<ego_vehicle id="hero">
			<waypoint x="-7.530" y="121.210" yaw="90.000" z="1.370" roll="0.000" pitch="0.000" />
			<waypoint x="-7.530" y="208.920" yaw="90.000" z="1.370" roll="0.000" pitch="0.000" />
		</ego_vehicle>
	</route>
	<route id="18">
		<ego_vehicle id="hero">
			<waypoint x="131.690" y="109.400" yaw="-0.000" z="1.370" roll="0.000" pitch="0.000" />
			<waypoint x="173.870" y="109.400" yaw="-0.000" z="1.370" roll="0.000" pitch="0.000" />
		</ego_vehicle>
	</route>
	<route id="19">
		<ego_vehicle id="hero">
			<waypoint x="-3.680" y="251.360" yaw="-90.000" z="1.270" roll="0.000" pitch="0.000" />
			<waypoint x="-3.680" y="121.210" yaw="-90.000" z="1.370" roll="0.000" pitch="0.000" />
		</ego_vehicle>
	</route>
	<route id="20">
		<ego_vehicle id="hero">
			<waypoint x="1.540" y="109.400" yaw="-0.000" z="1.370" roll="0.000" pitch="0.000" />
			<waypoint x="173.870" y="109.400" yaw="-0.000" z="1.370" roll="0.000" pitch="0.000" />
		</ego_vehicle>
	</route>
	<route id="21">
		<ego_vehicle id="hero">
			<waypoint x="178.290" y="302.570" yaw="-180.000" z="1.370" roll="0.000" pitch="0.000" />
			<waypoint x="9.530" y="302.570" yaw="-180.000" z="1.370" roll="0.000" pitch="0.000" />
		</ego_vehicle>
	</route>
	<route id="22">
		<ego_vehicle id="hero">
			<waypoint x="165.090" y="187.120" yaw="-180.000" z="1.370" roll="0.000" pitch="0.000" />
			<waypoint x="19.260" y="187.920" yaw="-180.000" z="1.370" roll="0.000" pitch="0.000" />
		</ego_vehicle>
	</route>
	<route id="23">
		<ego_vehicle id="hero">
			<waypoint x="9.470" y="191.770" yaw="-0.000" z="1.370" roll="0.000" pitch="0.000" />
			<waypoint x="162.020" y="191.770" yaw="-0.000" z="1.370" roll="0.000" pitch="0.000" />
		</ego_vehicle>
	</route>
	<route id="24">
		<ego_vehicle id="hero">
			<waypoint x="193.780" y="293.540" yaw="-90.000" z="1.370" roll="0.000" pitch="0.000" />
			<waypoint x="193.780" y="121.210" yaw="-90.000" z="1.370" roll="0.000" pitch="0.000" />
		</ego_vehicle>
	</route>
</routes>
