<?xml version="1.0" encoding='ASCII'?>
<routes>
	<route id="0">
		<ego_vehicle id="hero">
			<waypoint x="1.560" y="120.020" yaw="-90.000" z="1.321" roll="0.000" pitch="0.000" />
			<waypoint x="1.560" y="48.700" yaw="-90.000" z="1.321" roll="0.000" pitch="0.000" />
		</ego_vehicle>
	</route>
	<route id="1">
		<ego_vehicle id="hero">
			<waypoint x="-2.420" y="48.700" yaw="90.000" z="1.321" roll="0.000" pitch="0.000" />
			<waypoint x="-1.763" y="119.341" yaw="90.000" z="1.321" roll="0.000" pitch="0.000" />
		</ego_vehicle>
	</route>
	<route id="2">
		<ego_vehicle id="hero">
			<waypoint x="262.600" y="327.050" yaw="180.000" z="1.321" roll="0.000" pitch="0.000" />
			<waypoint x="199.950" y="326.970" yaw="180.000" z="1.321" roll="0.000" pitch="0.000" />
		</ego_vehicle>
	</route>
	<route id="3">
		<ego_vehicle id="hero">
			<waypoint x="191.320" y="133.240" yaw="-0.000" z="1.321" roll="0.000" pitch="0.000" />
			<waypoint x="237.700" y="133.240" yaw="-0.000" z="1.321" roll="0.000" pitch="0.000" />
		</ego_vehicle>
	</route>
	<route id="4">
		<ego_vehicle id="hero">
			<waypoint x="271.040" y="129.490" yaw="180.000" z="1.321" roll="0.000" pitch="0.000" />
			<waypoint x="219.645" y="129.750" yaw="180.000" z="1.321" roll="0.000" pitch="0.000" />
		</ego_vehicle>
	</route>
	<route id="5">
		<ego_vehicle id="hero">
			<waypoint x="373.924" y="-1.960" yaw="180.000" z="1.321" roll="0.000" pitch="0.000" />
			<waypoint x="116.640" y="-1.960" yaw="180.000" z="1.321" roll="0.000" pitch="0.000" />
		</ego_vehicle>
	</route>
	<route id="6">
		<ego_vehicle id="hero">
			<waypoint x="278.810" y="-1.960" yaw="180.000" z="1.321" roll="0.000" pitch="0.000" />
			<waypoint x="244.100" y="-1.960" yaw="180.000" z="1.321" roll="0.000" pitch="0.000" />
		</ego_vehicle>
	</route>
	<route id="7">
		<ego_vehicle id="hero">
			<waypoint x="47.940" y="2.020" yaw="-0.000" z="1.321" roll="0.000" pitch="0.000" />
			<waypoint x="306.290" y="2.020" yaw="-0.000" z="1.321" roll="0.000" pitch="0.000" />
		</ego_vehicle>
	</route>
	<route id="8">
		<ego_vehicle id="hero">
			<waypoint x="299.400" y="55.840" yaw="180.000" z="1.321" roll="0.000" pitch="0.000" />
			<waypoint x="118.950" y="55.840" yaw="180.000" z="1.321" roll="0.000" pitch="0.000" />
		</ego_vehicle>
	</route>
	<route id="9">
		<ego_vehicle id="hero">
			<waypoint x="-2.420" y="149.830" yaw="90.000" z="1.321" roll="0.000" pitch="0.000" />
			<waypoint x="-1.980" y="249.430" yaw="90.000" z="1.321" roll="0.000" pitch="0.000" />
		</ego_vehicle>
	</route>
	<route id="10">
		<ego_vehicle id="hero">
			<waypoint x="92.110" y="159.950" yaw="-90.000" z="1.321" roll="0.000" pitch="0.000" />
			<waypoint x="92.110" y="86.960" yaw="-90.000" z="1.321" roll="0.000" pitch="0.000" />
		</ego_vehicle>
	</route>
	<route id="11">
		<ego_vehicle id="hero">
			<waypoint x="395.960" y="249.430" yaw="-90.000" z="1.321" roll="0.000" pitch="0.000" />
			<waypoint x="395.960" y="68.860" yaw="-90.000" z="1.321" roll="0.000" pitch="0.000" />
		</ego_vehicle>
	</route>
	<route id="12">
		<ego_vehicle id="hero">
			<waypoint x="13.569" y="2.462" yaw="0.000" z="1.322" roll="0.000" pitch="0.000" />
			<waypoint x="62.130" y="2.020" yaw="-0.000" z="1.321" roll="0.000" pitch="0.000" />
		</ego_vehicle>
	</route>
	<route id="13">
		<ego_vehicle id="hero">
			<waypoint x="185.560" y="-1.960" yaw="180.000" z="1.321" roll="0.000" pitch="0.000" />
			<waypoint x="21.770" y="-1.960" yaw="180.000" z="1.321" roll="0.000" pitch="0.000" />
		</ego_vehicle>
	</route>
	<route id="14">
		<ego_vehicle id="hero">
			<waypoint x="88.620" y="169.850" yaw="90.000" z="1.321" roll="0.000" pitch="0.000" />
			<waypoint x="88.620" y="299.921" yaw="90.000" z="1.321" roll="0.000" pitch="0.000" />
		</ego_vehicle>
	</route>
	<route id="15">
		<ego_vehicle id="hero">
			<waypoint x="22.180" y="330.460" yaw="-0.000" z="1.321" roll="0.000" pitch="0.000" />
			<waypoint x="358.400" y="330.540" yaw="-0.000" z="1.321" roll="0.000" pitch="0.000" />
		</ego_vehicle>
	</route>
	<route id="16">
		<ego_vehicle id="hero">
			<waypoint x="1.510" y="295.423" yaw="-90.000" z="1.321" roll="0.000" pitch="0.000" />
			<waypoint x="1.560" y="149.830" yaw="-90.000" z="1.321" roll="0.000" pitch="0.000" />
		</ego_vehicle>
	</route>
	<route id="17">
		<ego_vehicle id="hero">
			<waypoint x="126.390" y="2.020" yaw="-0.000" z="1.321" roll="0.000" pitch="0.000" />
			<waypoint x="352.076" y="2.230" yaw="0.000" z="1.322" roll="0.000" pitch="0.000" />
		</ego_vehicle>
	</route>
	<route id="18">
		<ego_vehicle id="hero">
			<waypoint x="92.110" y="95.450" yaw="-90.000" z="1.321" roll="0.000" pitch="0.000" />
			<waypoint x="92.110" y="30.820" yaw="-90.000" z="1.321" roll="0.000" pitch="0.000" />
		</ego_vehicle>
	</route>
	<route id="19">
		<ego_vehicle id="hero">
			<waypoint x="111.570" y="59.330" yaw="-0.000" z="1.321" roll="0.000" pitch="0.000" />
			<waypoint x="299.400" y="59.330" yaw="-0.000" z="1.321" roll="0.000" pitch="0.000" />
		</ego_vehicle>
	</route>
	<route id="20">
		<ego_vehicle id="hero">
			<waypoint x="88.137" y="74.329" yaw="90.000" z="1.321" roll="0.000" pitch="0.000" />
			<waypoint x="88.620" y="299.921" yaw="90.000" z="1.321" roll="0.000" pitch="0.000" />
		</ego_vehicle>
	</route>
	<route id="21">
		<ego_vehicle id="hero">
			<waypoint x="395.960" y="308.210" yaw="-90.000" z="1.321" roll="0.000" pitch="0.000" />
			<waypoint x="396.450" y="19.920" yaw="-90.000" z="1.321" roll="0.000" pitch="0.000" />
		</ego_vehicle>
	</route>
	<route id="22">
		<ego_vehicle id="hero">
			<waypoint x="22.180" y="330.460" yaw="-0.000" z="1.321" roll="0.000" pitch="0.000" />
			<waypoint x="381.980" y="330.892" yaw="0.000" z="1.322" roll="0.000" pitch="0.000" />
		</ego_vehicle>
	</route>
	<route id="23">
		<ego_vehicle id="hero">
			<waypoint x="373.924" y="-1.960" yaw="180.000" z="1.321" roll="0.000" pitch="0.000" />
			<waypoint x="21.770" y="-1.960" yaw="180.000" z="1.321" roll="0.000" pitch="0.000" />
		</ego_vehicle>
	</route>
	<route id="24">
		<ego_vehicle id="hero">
			<waypoint x="13.569" y="2.462" yaw="0.000" z="1.322" roll="0.000" pitch="0.000" />
			<waypoint x="378.180" y="2.020" yaw="-0.000" z="1.321" roll="0.000" pitch="0.000" />
		</ego_vehicle>
	</route>
</routes>
